chain,resnum,resname,camsol_score,aggregascan_score,source
C,30,T,-0.88,,CamSol
C,32,S,-0.86,,CamSol
C,33,Y,-2.35,1.556,CamSol+AggregaScan
C,59,Y,-0.76,1.035,CamSol+AggregaScan
C,60,T,-0.61,,CamSol
C,95,V,-0.61,0.733,CamSol+AggregaScan
C,102,Y,-0.86,1.889,CamSol+AggregaScan
C,103,Y,-1.47,2.178,CamSol+AggregaScan
C,104,G,-1.4,1.375,CamSol+AggregaScan
C,106,Y,-0.95,1.576,CamSol+AggregaScan
C,107,Y,-1.2,1.893,CamSol+AggregaScan
C,115,Q,-0.88,,CamSol
C,118,L,-1.01,1.636,CamSol+AggregaScan
C,12,G,,0.782,AggregaScan
C,13,L,,1.31,AggregaScan
C,35,Y,,0.923,AggregaScan
C,153,V,,0.735,AggregaScan
C,244,I,,0.703,AggregaScan
