protein,chain,residue,residue_name,score
folded,C,1,E,-1.9415
folded,C,2,V,-0.8795
folded,C,3,Q,-0.8178
folded,C,4,L,0.0000
folded,C,5,L,0.4560
folded,C,6,E,0.0000
folded,C,7,S,-0.3836
folded,C,8,G,-0.5835
folded,C,9,G,0.0914
folded,C,10,G,0.7802
folded,C,11,L,1.3076
folded,C,12,V,0.0000
folded,C,13,Q,-1.3929
folded,C,14,P,-1.6530
folded,C,15,G,-1.4116
folded,C,16,G,-1.1297
folded,C,17,S,-1.1072
folded,C,18,L,-1.0704
folded,C,19,R,-2.0615
folded,C,20,L,0.0000
folded,C,21,S,-0.5075
folded,C,22,C,0.0000
folded,C,23,A,-0.2191
folded,C,24,A,0.0000
folded,C,25,S,-0.8875
folded,C,26,G,-0.9917
folded,C,27,F,-0.1871
folded,C,28,T,0.2059
folded,C,29,F,0.0000
folded,C,30,S,-0.0348
folded,C,31,Y,1.5428
folded,C,32,Y,0.0000
folded,C,33,Y,0.8885
folded,C,34,M,0.0000
folded,C,35,G,0.0000
folded,C,36,W,0.0000
folded,C,37,V,0.0000
folded,C,38,R,0.0000
folded,C,39,Q,-0.6550
folded,C,40,A,-1.0677
folded,C,41,P,-0.8504
folded,C,42,G,-1.4643
folded,C,43,K,-2.3288
folded,C,44,G,-1.5721
folded,C,45,L,0.0000
folded,C,46,E,-1.0825
folded,C,47,W,0.0000
folded,C,48,V,0.0000
folded,C,49,S,0.0000
folded,C,50,G,0.0000
folded,C,51,I,0.0000
folded,C,52,S,0.0000
folded,C,53,P,0.2565
folded,C,54,S,-0.1880
folded,C,55,S,-0.2534
folded,C,56,G,-0.0062
folded,C,57,Y,1.0223
folded,C,58,T,0.5273
folded,C,59,Y,0.1037
folded,C,60,Y,-0.8319
folded,C,61,A,-1.5446
folded,C,62,D,-2.6213
folded,C,63,S,-1.7470
folded,C,64,V,0.0000
folded,C,65,K,-2.5092
folded,C,66,G,-1.6315
folded,C,67,R,0.0000
folded,C,68,F,0.0000
folded,C,69,T,-0.7574
folded,C,70,I,0.0000
folded,C,71,S,-0.4570
folded,C,72,R,-0.9445
folded,C,73,D,-1.5019
folded,C,74,N,-1.5001
folded,C,75,S,-1.5807
folded,C,76,K,-2.3475
folded,C,77,N,-1.6746
folded,C,78,T,-1.0090
folded,C,79,L,0.0000
folded,C,80,Y,-0.5421
folded,C,81,L,0.0000
folded,C,82,Q,-1.1768
folded,C,83,M,0.0000
folded,C,84,N,-1.3154
folded,C,85,S,-1.2075
folded,C,86,L,0.0000
folded,C,87,R,-2.3278
folded,C,88,A,-1.7670
folded,C,89,E,-2.2313
folded,C,90,D,0.0000
folded,C,91,T,-0.3954
folded,C,92,A,0.0000
folded,C,93,V,0.7038
folded,C,94,Y,0.0000
folded,C,95,Y,0.0000
folded,C,96,C,0.0000
folded,C,97,A,0.0000
folded,C,98,R,0.0000
folded,C,99,Y,0.0000
folded,C,100,Y,1.8658
folded,C,101,Y,2.1758
folded,C,102,G,1.3930
folded,C,103,Y,0.0000
folded,C,104,Y,1.7064
folded,C,105,Y,1.9303
folded,C,106,S,0.0000
folded,C,107,H,0.0000
folded,C,108,M,0.0000
folded,C,109,D,0.0000
folded,C,110,Y,0.5722
folded,C,111,W,-0.0143
folded,C,112,G,0.0000
folded,C,113,Q,-1.3061
folded,C,114,G,-0.3116
folded,C,115,T,0.4621
folded,C,116,L,1.6142
folded,C,117,V,0.0000
folded,C,118,T,0.2753
folded,C,119,V,0.0000
folded,C,120,S,-0.4731
folded,C,121,S,-0.6660
folded,C,122,D,-2.4133
folded,C,123,I,0.0000
folded,C,124,Q,-2.2615
folded,C,125,M,0.0000
folded,C,126,T,-1.3145
folded,C,127,Q,0.0000
folded,C,128,S,-0.7666
folded,C,129,P,-0.6597
folded,C,130,S,-0.9045
folded,C,131,S,-1.0689
folded,C,132,L,-0.6276
folded,C,133,S,-0.7251
folded,C,134,A,0.0000
folded,C,135,S,-0.1530
folded,C,136,V,0.6959
folded,C,137,G,-0.6537
folded,C,138,D,-1.5694
folded,C,139,R,-2.2580
folded,C,140,V,0.0000
folded,C,141,T,-0.6024
folded,C,142,I,0.0000
folded,C,143,T,-0.8411
folded,C,144,C,0.0000
folded,C,145,R,-2.7178
folded,C,146,A,0.0000
folded,C,147,S,-1.9011
folded,C,148,Q,-1.8637
folded,C,149,S,-1.1901
folded,C,150,I,0.0000
folded,C,151,S,-0.4580
folded,C,152,S,-0.1718
folded,C,153,Y,0.5489
folded,C,154,L,0.0000
folded,C,155,N,0.0000
folded,C,156,W,0.0000
folded,C,157,Y,0.0000
folded,C,158,Q,0.0000
folded,C,159,Q,-1.3157
folded,C,160,K,-1.7418
folded,C,161,P,-1.1627
folded,C,162,G,-1.5197
folded,C,163,K,-2.5191
folded,C,164,A,-1.5641
folded,C,165,P,0.0000
folded,C,166,K,-1.3206
folded,C,167,L,0.0000
folded,C,168,L,0.0000
folded,C,169,I,0.0000
folded,C,170,Y,0.5446
folded,C,171,A,0.3574
folded,C,172,A,0.0000
folded,C,173,S,-0.1748
folded,C,174,S,0.1120
folded,C,175,L,0.2769
folded,C,176,Q,-0.2086
folded,C,177,S,-0.4069
folded,C,178,G,-0.5670
folded,C,179,V,0.0000
folded,C,180,P,-0.4085
folded,C,181,S,-0.4663
folded,C,182,R,-0.7879
folded,C,183,F,0.0000
folded,C,184,S,-0.3009
folded,C,185,G,-0.2160
folded,C,186,S,-0.5947
folded,C,187,G,-0.9598
folded,C,188,S,-0.7351
folded,C,189,G,-1.0472
folded,C,190,T,-1.6389
folded,C,191,D,-2.0743
folded,C,192,F,0.0000
folded,C,193,T,-0.7193
folded,C,194,L,0.0000
folded,C,195,T,-0.5980
folded,C,196,I,0.0000
folded,C,197,S,-1.2795
folded,C,198,S,-1.1025
folded,C,199,L,0.0000
folded,C,200,Q,-0.8178
folded,C,201,P,-0.6296
folded,C,202,E,-1.8548
folded,C,203,D,0.0000
folded,C,204,F,-0.5736
folded,C,205,A,0.0000
folded,C,206,T,-1.0523
folded,C,207,Y,0.0000
folded,C,208,Y,0.0000
folded,C,209,C,0.0000
folded,C,210,Q,0.0000
folded,C,211,Q,0.0000
folded,C,212,S,0.0000
folded,C,213,R,0.0857
folded,C,214,S,-0.1089
folded,C,215,G,0.1406
folded,C,216,L,-0.2622
folded,C,217,H,0.0000
folded,C,218,T,-0.7481
folded,C,219,F,0.0000
folded,C,220,G,0.0000
folded,C,221,Q,-1.6366
folded,C,222,G,0.0000
folded,C,223,T,0.0000
folded,C,224,K,-1.7349
folded,C,225,L,0.0000
folded,C,226,E,-1.0734
folded,C,227,I,0.6776
folded,C,228,K,-0.8471
